1;;;1;"Octave de la Nativité SOLENNITE DE SAINTE MARIE, MERE DE DIEU";"Solennité";"Blanc";3;;;;"Journée mondiale de la paix (DATE FIXE)";;;;;;
1;;;2;"Ss. Basile et Grégorier de Naziance, évêques et docteurs de l'Eglise.";"Mémoire obligatoire";"Blanc";10;"Évêques et docteurs de l’Église (†379)";;;;;;;;;
1;;;3;"Très Saint Nom de Jésus";"Mémoire facultative";;;;;;;;;;;;
;;"FR";3;"Ste Geneviève, vierge";"Mémoire facultative";;;"Elle sauva Paris des invasions et de la famine (†500)    ";;;;;;;;;
1;;;4;"Ste Angèle de Foligno";;;;"Mère de famille du tiers ordre franciscain, elle fut favorisée de graces exeptionnelles (†1309)   ";"Patronne de Paris et des gendarmes. 
Mère de la patrie menacée.";;;;;;;;
1;;;5;"St Jean Népomucène Neumann";;;;"Évêque de Philadelphie, apôtre des émigrés (†1860)                                                         Paul VI";;;;;;;;;
1;;;6;"EPIPHANIE DU SEIGNEUR";"Solennité";"Blanc";2;;;;;;;;;;
1;;;7;"St Raymond de Penyafort, prêtre.";"Mémoire facultative";;;"Dominicain, il codifia le droit ecclésiastique (†1275)";;;;;;;;;
1;;;8;"St Séverin";;;;;;;;;;;;;
1;;;9;"Bx Marie-Thérése de Jésus";;;;"Religieuse, fondatrice d'ordres à Nancy (†1622)";;;;;;;;;
1;;;10;"St Grégoire de Nysse";;;;"Evêque, père de l'Eglise, un des grands maîtres spirituels de tous les temps  (†710)";;;;;;;;;
1;;;11;"St Thomas Da Corri";;;;"Franciscain, grand prédicateur, il se fit serviteur de ses frères (†1729)";;;;;;;;;
;;;11;"St Paulin d'Aquilée";;;;"Évêque et enseignant (†802)";;;;;;;;;
1;;;12;"Ste Marguerite Bourgeoys";;;;"Missionnaire au Canada, religieuse fondatrice (†1700)     JP II";;;;;;;;;
1;;;13;"St Hilaire, évêque et docteur de l'Église";"Mémoire facultative";;;"Évêque, il lutta contre l'arianisme et fonda avec St Martin le monastère de Ligugé (†vers 367)";;;;;;;;;
1;;;14;"Bx Pierre Donders";;;;"Prêtre en Guyanne hollandaise, apôtre des esclaves et des lépreux (†1887)                         JP II";;;;;;;;;
1;;"FR";15;"St Rémi";"Mémoire facultative";;;"Apôtre des Francs, évêque de Reims (†vers 530)    (France)";;;;;;;;;
1;;;16;"Bx Joseph Tovini";;;;"Père de famille, chrétien engagé dans les domaines culturel, politique et économique ( †1897)";;;;;;;;;
1;;;17;"St Antoine, abbé.";"Mémoire obligatoire";"Blanc";10;"Abbé des premiers moines d'Occident, il vécut de longues années dans la solitude des déserts d'Égypte (†356)";;;;"Bénédiction des animaux à Rome en l'église de Saint-Antoine";"Apparition de la Vierge à plusieurs enfants à Pontmain en 1871";;;;"Journée du dialogue avec le Judaïsme
(DATE FIXE)"
1;;;18;"Bse Marie-Thérèse Fasce";;;;"Religieuse, elle multiplia les œuvres de charité pendant la seconde guerre mondiale ( †1947)";;;;;;;;;
1;;;19;"Bx Marcel Spinola Y Maestre";;;;"Évêque de Séville, avocat, fondateur de la congrégation éducatrice des ""Esclaves du Divin Cœur"" († 1906)                               JP I";;;;;;;;;
1;;;20;"St Fabien, pape et martyr.";"Mémoire facultative";;;"Pape et martyr en 250";;;;;;;;;
1;;;20;"St Sébastien, martyr.";"Mémoire facultative";;;"Martyr IV ème ";;"St Euthyme,abbé";;;;;;;
1;;;21;"St Agnès, vierge et martyre.";"Mémoire obligatoire";"Rouge";10;"Morte martyre à douze ans, à Rome (†305)";"Patronne des vierges";;;;;;;;
1;;;22;"St Vincent, diacre et martyr.";"Mémoire facultative";;;"Diacre, il suivit son évêque dans l'emprisonnement et le martyre († vers 304)";"Patron des viticulteurs";;;;;;;;
1;;;23;"Bx Nicolas Gross";;;;"Père de famille, ouvrier chrétien engagé tué par les nazis en 1944                            JP II";;;;;;;;;
1;;;24;"St François de Sales, évêque et docteur de l'Église";"Mémoire obligatoire";"Blanc";10;"Évêque de Genève et docteur de l'Église, il proposa à tous la voie à la sainteté (†1623)";"Patron de la presse catholique";;;;;;;;
1;;;25;"Conversion de Saint Paul, apôtre.";"Fête";"Blanc";7;"Anniversaire d'un événement décisif pour le développement de l'Église";;;;;;;;;
1;;;26;"Sts Timothée et Tite, évêques.";"Mémoire obligatoire";"Blanc";10;"Évêques et compagnons de St Paul ";;;;;;;;;
1;;;27;"Ste Angèle Merici, vierge.";"Mémoire facultative";;;"Religieuse, fondatrice de l'institut des Ursulines, premier ordre féminin enseignant (†1540)";;;;;;;;;
1;;;28;"St Thomas d'Aquin, prêtre et docteur de l'Église";"Mémoire obligatoire";"Blanc";10;"Dominicain, auteur de la Somme Théologique, docteur de l'Église dit angélique (†1274)";"Patron des universités";;;;;;;;
1;;;29;"St Gildas le sage";;;;"Moine, apôtre de la Grande Bretagne (†570)";;"Sts Paule, Eustochium et Mélanie";;;;;;;
1;;;30;"Bx Columba Marmion";;;;"Bénédictin à Maredsous, guide spirituel (†1923)   JP II";;;;;;;;;
1;;;31;"St Jean Bosco, prêtre.";"Mémoire obligatoire";"Blanc";10;"Fondateur de la famille salésienne (†1888)";"Père et maître des jeunes";;;;;;;;
2;;;1;;;;;;;;;;;;;;
2;;;2;"PRESENTATION DU SEIGNEUR";"Fête";"Blanc";5;;;;;;;;;;
2;;;3;"St Blaise, évêque et martyr.";"Mémoire facultative";;;;;;;;;;;;
2;;;3;"S. Ansgarii, episcopi";"Mémoire facultative";;;;;;;;;;;;
2;;;4;;;;;;;;;;;;;;
2;;;5;"S. Agathae, virginis et martyris";"Mémoire obligatoire";"Rouge";10;;;;;;;;;;
2;;;6;"Ss Pauli Miki et sociorum, martyrum";"Mémoire obligatoire";"Rouge";10;;;;;;;;;;
2;;;7;;;;;;;;;;;;;;
2;;;8;"S. Hieronymi Emiliani";"Mémoire facultative";;;;;;;;;;;;
2;;;8;"S. Iosephinae Bakhita, virginis";"Mémoire facultative";;;;;;;;;;;;
2;;;9;;;;;;;;;;;;;;
2;;;10;"S. Scholasticae, virginis";"Mémoire obligatoire";"Blanc";10;;;;;;;;;;
2;;;11;"B. Mariae Virginis de Lourdes";"Mémoire facultative";;;;;;;;;;;;
2;;;12;;;;;;;;;;;;;;
2;;;13;;;;;;;;;;;;;;
2;;;14;"Ss. Cyrilli, monachi, et Methodii, episcopi";"Mémoire obligatoire";"Blanc";10;;;;;;;;;;
2;;;15;;;;;;;;;;;;;;
2;;;16;;;;;;;;;;;;;;
2;;;17;"Ss. septem Fundatorum Ordinis Servorum B. M. V.";"Mémoire facultative";;;;;;;;;;;;
2;;;18;;;;;;;;;;;;;;
2;;;19;;;;;;;;;;;;;;
2;;;20;;;;;;;;;;;;;;
2;;;21;"S. Petri Damiani, episcopi et Ecclesiae doctoris";"Mémoire facultative";;;;;;;;;;;;
2;;;22;"Cathedrae S. Petri, apostoli";"Fête";"Blanc";7;;;;;;;;;;
2;;;23;"S. Polycarpi, episcopi et martyris";"Mémoire obligatoire";"Rouge";10;;;;;;;;;;
2;;;24;;;;;;;;;;;;;;
2;;;25;;;;;;;;;;;;;;
2;;;26;;;;;;;;;;;;;;
2;;;27;;;;;;;;;;;;;;
2;;;28;;;;;;;;;;;;;;
3;;;1;;;;;;;;;;;;;;
3;;;2;;;;;;;;;;;;;;
3;;;3;;;;;;;;;;;;;;
3;;;4;"S. Casimiri";"Mémoire facultative";;;;;;;;;;;;
3;;;5;;;;;;;;;;;;;;
3;;;6;;;;;;;;;;;;;;
3;;;7;"Ss. Perpetuae et Felicitatis, martyrum";"Mémoire obligatoire";"Rouge";10;;;;;;;;;;
3;;;8;"S. Ioannis a Deo, religiosi";"Mémoire facultative";;;;;;;;;;;;
3;;;9;"S. Franciscae Romanae, religiosae";"Mémoire facultative";;;;;;;;;;;;
3;;;10;;;;;;;;;;;;;;
3;;;11;;;;;;;;;;;;;;
3;;;12;;;;;;;;;;;;;;
3;;;13;;;;;;;;;;;;;;
3;;;14;;;;;;;;;;;;;;
3;;;15;;;;;;;;;;;;;;
3;;;16;;;;;;;;;;;;;;
3;;;17;"S. Patricii, episcopi";"Mémoire facultative";;;;;;;;;;;;
3;;;18;"S. Cyrilli Hierosolymitani, episcopi et Ecclesiae doctoris";"Mémoire facultative";;;;;;;;;;;;
3;;;19;"S. IOSEPH, SPONSI B. M. V.";"Solennité";"Blanc";4;;;;;;;;;;
3;;;20;;;;;;;;;;;;;;
3;;;21;;;;;;;;;;;;;;
3;;;22;;;;;;;;;;;;;;
3;;;23;"S. Turibii de Mongrovejo, episcopi";"Mémoire facultative";;;;;;;;;;;;
3;;;24;;;;;;;;;;;;;;
3;;;25;"IN ANNUNTIATIONE DOMINI";"Solennité";"Blanc";3;;;;;;;;;;
3;;;26;;;;;;;;;;;;;;
3;;;27;;;;;;;;;;;;;;
3;;;28;;;;;;;;;;;;;;
3;;;29;;;;;;;;;;;;;;
3;;;30;;;;;;;;;;;;;;
3;;;31;;;;;;;;;;;;;;
4;;;1;;;;;;;;;;;;;;
4;;;2;"S. Francisci de Paola, eremitae";"Mémoire facultative";;;;;;;;;;;;
4;;;3;;;;;;;;;;;;;;
4;;;4;"S. Isidori, episcopi et Ecclesiae doctoris";"Mémoire facultative";;;;;;;;;;;;
4;;;5;"S. Vincentii Ferrer, presbyteri";"Mémoire facultative";;;;;;;;;;;;
4;;;6;;;;;;;;;;;;;;
4;;;7;"S. Ioannis Baptistae de la Salle, presbyteri";"Mémoire obligatoire";"Blanc";10;;;;;;;;;;
4;;;8;;;;;;;;;;;;;;
4;;;9;;;;;;;;;;;;;;
4;;;10;;;;;;;;;;;;;;
4;;;11;"S. Stanislai, episcopi et martyris";"Mémoire obligatoire";"Rouge";10;;;;;;;;;;
4;;;12;;;;;;;;;;;;;;
4;;;13;"S. Martini I, papae et martyris";"Mémoire facultative";;;;;;;;;;;;
4;;;14;;;;;;;;;;;;;;
4;;;15;;;;;;;;;;;;;;
4;;;16;;;;;;;;;;;;;;
4;;;17;;;;;;;;;;;;;;
4;;;18;;;;;;;;;;;;;;
4;;;19;;;;;;;;;;;;;;
4;;;20;;;;;;;;;;;;;;
4;;;21;"S. Anselmi, episcopi et Ecclesiae doctoris";"Mémoire facultative";;;;;;;;;;;;
4;;;22;;;;;;;;;;;;;;
4;;;23;"S. Georgii, martyris";"Mémoire facultative";;;;;;;;;;;;
4;;;;"S. Adalberti, episcopi et martyris";"Mémoire facultative";;;;;;;;;;;;
4;;;24;"S. Fidelis a Sigmaringen, presbyteri et martyris";"Mémoire facultative";;;;;;;;;;;;
4;;;25;"S. Marci, evangelistae";"Fête";"Rouge";7;;;;;;;;;;
4;;;26;;;;;;;;;;;;;;
4;;;27;;;;;;;;;;;;;;
4;;;28;"S. Petri Chanel, presbyteri et martyris";"Mémoire facultative";;;;;;;;;;;;
4;;;;"S. Ludovici Mariae Grignion de Montfort, presbyteri";"Mémoire facultative";;;;;;;;;;;;
4;;;29;"S. Catharinae Senensis, virginis et Ecclesiae doctoris";"Mémoire obligatoire";"Blanc";10;;;;;;;;;;
4;;;30;"S. Pii V, papae";"Mémoire facultative";;;;;;;;;;;;
5;;;1;"S. Ioseph Opificis";"Mémoire facultative";;;;;;;;;;;;
5;;;2;"S. Athanasii, episcopi et Ecclesiae doctoris";"Mémoire obligatoire";"Blanc";10;;;;;;;;;;
5;;;3;"Ss. Philippi et Iacobi, apostolorum";"Fête";"Rouge";7;;;;;;;;;;
5;;;4;;;;;;;;;;;;;;
5;;;5;;;;;;;;;;;;;;
5;;;6;;;;;;;;;;;;;;
5;;;7;;;;;;;;;;;;;;
5;;;8;;;;;;;;;;;;;;
5;;;9;;;;;;;;;;;;;;
5;;;10;;;;;;;;;;;;;;
5;;;11;;;;;;;;;;;;;;
5;;;12;"Ss. Nerei et Achillei, martyrum";"Mémoire facultative";;;;;;;;;;;;
5;;;12;"S. Pancratii, martyris";"Mémoire facultative";;;;;;;;;;;;
5;;;13;"B. Mariae Virginis de Fatima";"Mémoire facultative";;;;;;;;;;;;
5;;;14;"S. Matthiae, apostoli";"Fête";"Rouge";7;;;;;;;;;;
5;;;15;;;;;;;;;;;;;;
5;;;16;;;;;;;;;;;;;;
5;;;17;;;;;;;;;;;;;;
5;;;18;"S. Ioannis I, papae et martyris";"Mémoire facultative";;;;;;;;;;;;
5;;;19;;;;;;;;;;;;;;
5;;;20;"S. Bernardini Senensis, presbyteri";"Mémoire facultative";;;;;;;;;;;;
5;;;21;"S. Christophori Magallanes, presbyteri, et sociorum, martyrum";"Mémoire facultative";;;;;;;;;;;;
5;;;22;"S. Ritae de Cascia, religiosae";"Mémoire facultative";;;;;;;;;;;;
5;;;23;;;;;;;;;;;;;;
5;;;24;;;;;;;;;;;;;;
5;;;25;"S. Bedae Venerabilis, presbyteri et Ecclesiae doctoris";"Mémoire facultative";;;;;;;;;;;;
5;;;25;"S. Gregorii VII, papae";"Mémoire facultative";;;;;;;;;;;;
5;;;25;"S. Mariae Magdalenae de Pazzi, virginis";"Mémoire facultative";;;;;;;;;;;;
5;;;26;"S. Philippi Neri, presbyteri";"Mémoire obligatoire";"Blanc";10;;;;;;;;;;
5;;;27;"S. Augustini Cantuarensis, episcopi";"Mémoire facultative";;;;;;;;;;;;
5;;;28;;;;;;;;;;;;;;
5;;;29;;;;;;;;;;;;;;
5;;;30;;;;;;;;;;;;;;
5;;;31;"In Visitatione B. Mariae Virginis";"Fête";"Blanc";7;;;;;;;;;;
6;;;1;"S. Iustini, martyris";"Mémoire obligatoire";"Rouge";10;;;;;;;;;;
6;;;2;"Ss. Marcellini et Petri, martyrum";"Mémoire facultative";;;;;;;;;;;;
6;;;3;"Ss. Caroli Lwanga et sociorum, martyrum";"Mémoire obligatoire";"Rouge";10;;;;;;;;;;
6;;;4;;;;;;;;;;;;;;
6;;;5;"S. Bonifatii, episcopi et martyris";"Mémoire obligatoire";"Rouge";10;;;;;;;;;;
6;;;6;"S. Norberti, episcopi";"Mémoire facultative";;;;;;;;;;;;
6;;;7;;;;;;;;;;;;;;
6;;;8;;;;;;;;;;;;;;
6;;;9;"S. Ephraem, diaconi et Ecclesiae doctoris";"Mémoire facultative";;;;;;;;;;;;
6;;;10;;;;;;;;;;;;;;
6;;;11;"S. Barnabae, apostoli";"Mémoire obligatoire";"Rouge";10;;;;;;;;;;
6;;;12;;;;;;;;;;;;;;
6;;;13;"S. Antonii de Padova, presbyteri et Ecclesiae doctoris";"Mémoire obligatoire";"Blanc";10;;;;;;;;;;
6;;;14;;;;;;;;;;;;;;
6;;;15;;;;;;;;;;;;;;
6;;;16;;;;;;;;;;;;;;
6;;;17;;;;;;;;;;;;;;
6;;;18;;;;;;;;;;;;;;
6;;;19;"S. Romualdi, abbatis";"Mémoire facultative";;;;;;;;;;;;
6;;;20;;;;;;;;;;;;;;
6;;;21;"S Aloisii Gonzaga, religiosi";"Mémoire obligatoire";"Blanc";10;;;;;;;;;;
6;;;22;"S. Paulini Nolani";"Mémoire facultative";;;;;;;;;;;;
6;;;22;"Ss. Ioannis Fisher, episcopi, et Thomae More, martyrum";"Mémoire facultative";;;;;;;;;;;;
6;;;23;;;;;;;;;;;;;;
6;;;24;"IN NATIVITATE S. IOANNIS BAPTISTAE";"Solennité";"Blanc";4;;;;;;;;;;
6;;;25;;;;;;;;;;;;;;
6;;;26;;;;;;;;;;;;;;
6;;;27;"S. Cyrilli Alexandrini, episcopi et Ecclesiae doctoris";"Mémoire facultative";;;;;;;;;;;;
6;;;28;"S. Irenaei, episcopi et martyris";"Mémoire obligatoire";"Rouge";10;;;;;;;;;;
6;;;29;"Ss. PETRI ET PAULI, APOSTOLORUM";"Solennité";"Rouge";4;;;;;;;;;;
6;;;30;"Ss. Protomartyrum S. Romanae Ecclesiae";"Mémoire facultative";;;;;;;;;;;;
;;;;"SACRATISSIMI CORDIS IESU";"Solennité";"Rouge";3;;;;;;;;;;
;;;;"Immaculati Cordis B. Mariae Virginis";"Mémoire obligatoire";"Rouge";10;;;;;;;;;;
7;;;1;;;;;;;;;;;;;;
7;;;2;;;;;;;;;;;;;;
7;;;3;"S. Thomae, apostoli";"Fête";"Rouge";10;;;;;;;;;;
7;;;4;"S. Elisabeth Lusitaniae";"Mémoire facultative";;;;;;;;;;;;
7;;;5;"S. Antonii Mariae Zaccaria, presbyteri";"Mémoire facultative";;;;;;;;;;;;
7;;;6;"S. Mariae Goretti, virginis et martyris";"Mémoire facultative";;;;;;;;;;;;
7;;;7;;;;;;;;;;;;;;
7;;;8;;;;;;;;;;;;;;
7;;;9;"Ss. Augustini Zhao Rong, presbyteri et sociorum, martyrum.";;;;;;;;;;;;;
7;;;10;;;;;;;;;;;;;;
7;;;11;"S. Benedicti, abbatis";"Mémoire obligatoire";"Blanc";10;;;;;;;;;;
7;;;12;;;;;;;;;;;;;;
7;;;13;"S. Henrici";"Mémoire facultative";;;;;;;;;;;;
7;;;14;"S. Camilli de Lellis, presbyteri";"Mémoire facultative";;;;;;;;;;;;
7;;;15;"S. Bonaventurae, episcopi et Ecclesiae doctoris";"Mémoire obligatoire";"Blanc";10;;;;;;;;;;
7;;;16;"B. Mariae Virginis de Monte Carmelo";"Mémoire facultative";;;;;;;;;;;;
7;;;17;;;;;;;;;;;;;;
7;;;18;;;;;;;;;;;;;;
7;;;19;;;;;;;;;;;;;;
7;;;20;"S. Apollinaris, episcopi et martyris";"Mémoire facultative";;;;;;;;;;;;
7;;;21;"S. Laurentii de Brindisi, presbyteri et Ecclesiae doctoris";"Mémoire facultative";;;;;;;;;;;;
7;;;22;"S. Mariae Magdalenae";"Mémoire obligatoire";"Blanc";10;;;;;;;;;;
7;;;23;"S. Birgittae, religiosae";"Mémoire obligatoire";"Blanc";;;;;;;;;;;
7;;;24;"S. Sarbelii Makhluf, presbyteri";"Mémoire facultative";;;;;;;;;;;;
7;;;25;"S. Iacobi, apostoli";"Fête";"Rouge";10;;;;;;;;;;
7;;;26;"Ss. Ioachim et Annae, parentum B. Mariae Virginis";"Mémoire obligatoire";"Blanc";10;;;;;;;;;;
7;;;27;;;;;;;;;;;;;;
7;;;28;;;;;;;;;;;;;;
7;;;29;"S. Marthae";"Mémoire obligatoire";"Blanc";10;;;;;;;;;;
7;;;30;"S. Petri Chrysologi, episcopi et Ecclesiae doctoris";"Mémoire facultative";;;;;;;;;;;;
7;;;31;"S. Ignatii de Loyola, presbyteri";"Mémoire obligatoire";"Blanc";10;;;;;;;;;;
8;;;1;"S. Alfonsi Mariae de Liguori, episcopi et Ecclesiae doctoris";"Mémoire obligatoire";"Blanc";10;;;;;;;;;;
8;;;2;"S. Eusebii Vercellensis, episcopi";"Mémoire facultative";;;;;;;;;;;;
8;;;2;"S. Petri Iuliani Eymard, presbyteri";"Mémoire facultative";;;;;;;;;;;;
8;;;3;;;;;;;;;;;;;;
8;;;4;"S. Ioannis Mariae Vianney, presbyteri";"Mémoire obligatoire";"Blanc";10;;;;;;;;;;
8;;;5;"In Dedicatione basilicae S. Mariae";"Mémoire facultative";;;;;;;;;;;;
8;;;6;"IN TRANSFIGURATIONE DOMINI";"Fête";"Blanc";5;;;;;;;;;;
8;;;7;"Ss. Xysti, papae, et sociorum, martyrum";"Mémoire facultative";;;;;;;;;;;;
8;;;7;"S. Caietani, presbyteri";"Mémoire facultative";;;;;;;;;;;;
8;;;8;"S. Dominici, presbyteri";"Mémoire obligatoire";"Blanc";10;;;;;;;;;;
8;;;9;"S. Teresiae Benedictae a Cruce, virginis et martyris";"Mémoire facultative";;;;;;;;;;;;
8;;;10;"S. Laurentii, diaconi et martyris";"Fête";"Rouge";7;;;;;;;;;;
8;;;11;"S. Clarae, virginis";"Mémoire obligatoire";"Blanc";10;;;;;;;;;;
8;;;12;"S. Ioannae Franciscae de Chantal, religiosae";"Mémoire facultative";;;;;;;;;;;;
8;;;13;"Ss. Pontiani, papae, et Hippolyti, presbyteri, martyrum";"Mémoire facultative";;;;;;;;;;;;
8;;;14;"S. Maximiliani Mariae Kolbe, presbyteri et martyris";"Mémoire obligatoire";"Rouge";10;;;;;;;;;;
8;;;15;"IN ASSUMPTIONE B. MARIAE VIRGINIS";"Solennité";"Blanc";4;;;;;;;;;;
8;;;16;"S. Stephani Hungariae";"Mémoire facultative";;;;;;;;;;;;
8;;;17;;;;;;;;;;;;;;
8;;;18;;;;;;;;;;;;;;
8;;;19;"S. Ioannis Eudes, presbyteri";"Mémoire facultative";;;;;;;;;;;;
8;;;20;"S. Bernardi, abbatis et Ecclesiae doctoris";"Mémoire obligatoire";"Blanc";10;;;;;;;;;;
8;;;21;"S. Pii X, papae";"Mémoire obligatoire";"Blanc";10;;;;;;;;;;
8;;;22;"B. Mariae Virginis Reginae";"Mémoire obligatoire";"Blanc";10;;;;;;;;;;
8;;;23;"S. Rosae de Lima, virginis";"Mémoire facultative";;;;;;;;;;;;
8;;;24;"S. Bartholomaei, apostoli";"Fête";"Rouge";7;;;;;;;;;;
8;;;25;"S. Ludovici";"Mémoire facultative";;;;;;;;;;;;
8;;;25;"S. Ioseph de Calasanz, presbyteri";"Mémoire facultative";;;;;;;;;;;;
8;;;26;;;;;;;;;;;;;;
8;;;27;"S. Monicae";"Mémoire obligatoire";"Blanc";10;;;;;;;;;;
8;;;28;"S. Augustini, episcopi et Ecclesiae doctoris";"Mémoire obligatoire";"Blanc";10;;;;;;;;;;
8;;;29;"In Passione S. Ioannis Baptistae, martyris";"Mémoire obligatoire";"Rouge";10;;;;;;;;;;
8;;;30;;;;;;;;;;;;;;
8;;;31;;;;;;;;;;;;;;
9;;;1;;;;;;;;;;;;;;
9;;;2;;;;;;;;;;;;;;
9;;;3;"S. Gregorii Magni, papae et Ecclesiae doctoris";"Mémoire obligatoire";"Blanc";10;;;;;;;;;;
9;;;4;;;;;;;;;;;;;;
9;;;5;;;;;;;;;;;;;;
9;;;6;;;;;;;;;;;;;;
9;;;7;;;;;;;;;;;;;;
9;;;8;"In Nativitate B. Mariae Virginis";"Fête";"Blanc";7;;;;;;;;;;
9;;;9;"S. Petri Claver, presbyteri";"Mémoire facultative";;;;;;;;;;;;
9;;;10;;;;;;;;;;;;;;
9;;;11;;;;;;;;;;;;;;
9;;;12;"Ss.mi Nominis Mariae";;;;;;;;;;;;;
9;;;13;"S. Ioannis Chrysostomi, episcopi et Ecclesiae doctoris";"Mémoire obligatoire";"Blanc";10;;;;;;;;;;
9;;;14;"IN EXALTATIONE SANCTAE CRUCIS";"Fête";"Rouge";5;;;;;;;;;;
9;;;15;"B. Mariae Virginis Perdolentis";"Mémoire obligatoire";"Blanc";10;;;;;;;;;;
9;;;16;"Ss. Cornelii, papae, et Cypriani, episcopi, martyrum";"Mémoire obligatoire";"Rouge";10;;;;;;;;;;
9;;;17;"S. Roberti Bellarmino, episcopi et Ecclesiae doctoris";"Mémoire facultative";;;;;;;;;;;;
9;;;18;;;;;;;;;;;;;;
9;;;19;"S. Ianuarii, episcopi et martyris";;;;;;;;;;;;;
9;;;20;"Ss. Andreae Kim Tae-gon et Pauli Chong Ha-sang et sociorum, martyrum";"Mémoire obligatoire";"Rouge";10;;;;;;;;;;
9;;;21;"S. Matthaei, apostoli et evangelistae";"Fête";"Rouge";10;;;;;;;;;;
9;;;22;;;;;;;;;;;;;;
9;;;23;;;;;;;;;;;;;;
9;;;24;;;;;;;;;;;;;;
9;;;25;;;;;;;;;;;;;;
9;;;26;"Ss. Cosmae et Damiani, martyrum";"Mémoire facultative";;;;;;;;;;;;
9;;;27;"S. Vincentii de Paul, presbyteri";"Mémoire obligatoire";"Blanc";10;;;;;;;;;;
9;;;28;"S. Venceslai, martyris";"Mémoire facultative";;;;;;;;;;;;
9;;;28;"S. Laurentii Ruiz et sociorum, martyrum";"Mémoire facultative";;;;;;;;;;;;
9;;;29;"Ss. Michaelis, Gabrielis et Raphaelis, archangelorum";"Fête";"Blanc";7;;;;;;;;;;
9;;;30;"S. Hieronymi, presbyteri et Ecclesiae doctoris";"Mémoire obligatoire";"Blanc";10;;;;;;;;;;
;;;;;;;;;;;;;;;;;
;;;;;;;;;;;;;;;;;
10;;;1;"S. Teresiae a Iesu Infante, virginis et Ecclesiae doctoris";"Mémoire obligatoire";"Blanc";10;;;;;;;;;;
10;;;2;"Ss. Angelorum Custodum";"Mémoire obligatoire";"Blanc";10;;;;;;;;;;
10;;;3;;;;;;;;;;;;;;
10;;;4;"S. Francisci Assisiensis";"Mémoire obligatoire";"Blanc";10;;;;;;;;;;
10;;;5;;;;;;;;;;;;;;
10;;;6;"S. Brunonis, presbyteri";"Mémoire facultative";;;;;;;;;;;;
10;;;7;"B. Mariae Virginis a Rosario";"Mémoire obligatoire";"Blanc";10;;;;;;;;;;
10;;;8;;;;;;;;;;;;;;
10;;;9;"Ss. Dionysii, episcopi, et sociorum, martyrum";"Mémoire facultative";;;;;;;;;;;;
10;;;9;"S. Ioannis Leonardi, presbyteri";"Mémoire facultative";;;;;;;;;;;;
10;;;10;;;;;;;;;;;;;;
10;;;11;;;;;;;;;;;;;;
10;;;12;;;;;;;;;;;;;;
10;;;13;;;;;;;;;;;;;;
10;;;14;"S. Callisti I, papae et martyris";"Mémoire facultative";;;;;;;;;;;;
10;;;15;"S. Teresiae a Iesu, virginis et Ecclesiae doctoris";"Mémoire obligatoire";"Blanc";10;;;;;;;;;;
10;;;16;"S. Hedvigis, religiosae";"Mémoire facultative";;;;;;;;;;;;
10;;;16;"S. Margaritae Mariae Alacoque, virginis";"Mémoire facultative";;;;;;;;;;;;
10;;;17;"S. Ignatii Antiocheni, episcopi et martyris";"Mémoire obligatoire";"Rouge";10;;;;;;;;;;
10;;;18;"S. Lucae, evangelistae";"Fête";"Blanc";7;;;;;;;;;;
10;;;19;"Ss. Ioannis de Brébeuf et Isaac Jogues, presbyterorum, et sociorum, martyrum";;;;;;;;;;;;;
10;;;19;"S. Pauli a Cruce, presbyteri";"Mémoire facultative";;;;;;;;;;;;
10;;;20;;;;;;;;;;;;;;
10;;;21;;;;;;;;;;;;;;
10;;;22;;;;;;;;;;;;;;
10;;;23;"S. Ioannis de Capestrano, presbyteri";"Mémoire facultative";;;;;;;;;;;;
10;;;24;"S. Antonii Mariae Claret, episcopi";"Mémoire facultative";;;;;;;;;;;;
10;;;25;;;;;;;;;;;;;;
10;;;26;;;;;;;;;;;;;;
10;;;27;;;;;;;;;;;;;;
10;;;28;"Ss. Simonis et Iudae, apostolorum";"Fête";"Rouge";10;;;;;;;;;;
10;;;29;;;;;;;;;;;;;;
10;;;30;;;;;;;;;;;;;;
10;;;31;;;;;;;;;;;;;;
11;;;1;"OMNIUM SANCTORUM";"Solennité";"Blanc";3;;;;;;;;;;
11;;;2;"IN COMMEMORATIONE OMNIUM FIDELIUM DEFUNCTORUM";"Commémoraison";"Noir";3;;;;;;;;;;
11;;;3;"S. Martini de Porres, religiosi";"Mémoire facultative";;;;;;;;;;;;
11;;;4;"S. Caroli Borromeo, episcopi";"Mémoire obligatoire";"Blanc";;;;;;;;;;;
11;;;5;;;;;;;;;;;;;;
11;;;6;;;;;;;;;;;;;;
11;;;7;;;;;;;;;;;;;;
11;;;8;;;;;;;;;;;;;;
11;;;9;"IN DEDICATIONE BASILICAE LATERANENSIS";"Fête";"Blanc";5;;;;;;;;;;
11;;;10;"S. Leonis Magni, papae et Ecclesiae doctoris";"Mémoire obligatoire";"Blanc";10;;;;;;;;;;
11;;;11;"S. Martini Turonensis, episcopi";"Mémoire obligatoire";"Blanc";10;;;;;;;;;;
11;;;12;"S. Iosaphat, episcopi et martyris";"Mémoire obligatoire";"Rouge";10;;;;;;;;;;
11;;;13;;;;;;;;;;;;;;
11;;;14;;;;;;;;;;;;;;
11;;;15;"S. Alberti Magni, episcopi et Ecclesiae doctoris";"Mémoire facultative";;;;;;;;;;;;
11;;;16;"S. Margaritae Scotiae";"Mémoire facultative";;;;;;;;;;;;
11;;;16;"S. Gertrudis, virginis";"Mémoire facultative";;;;;;;;;;;;
11;;;17;"S. Elisabeth Hungariae, religiosae";"Mémoire obligatoire";"Blanc";10;;;;;;;;;;
11;;;18;"In Dedicatione basilicarum Ss. Petri et Pauli, apostolorum";"Mémoire facultative";;;;;;;;;;;;
11;;;19;;;;;;;;;;;;;;
11;;;20;;;;;;;;;;;;;;
11;;;21;"In Praesentatione B. Mariae Virginis";"Mémoire obligatoire";"Blanc";10;;;;;;;;;;
11;;;22;"S. Caeciliae, virginis et martyris";"Mémoire obligatoire";"Rouge";10;;;;;;;;;;
11;;;23;"S. Clementis I, papae et martyris";"Mémoire facultative";;;;;;;;;;;;
11;;;23;"S. Columbani, abbatis";"Mémoire facultative";;;;;;;;;;;;
11;;;24;"Ss. Andreae Dung Lac, presbyteri, et sociorum, martyrum";"Mémoire obligatoire";"Rouge";10;;;;;;;;;;
11;;;25;"S. Catharinae Alexandrinae, virginis et martyris";"Mémoire facultative";;;;;;;;;;;;
11;;;26;;;;;;;;;;;;;;
11;;;27;;;;;;;;;;;;;;
11;;;28;;;;;;;;;;;;;;
11;;;29;;;;;;;;;;;;;;
11;;;30;"S. Andreae, apostoli";"Fête";"Rouge";7;;;;;;;;;;
;;;;"     D. N. I. C. UNIVERSORUM REGIS";"Solennité";"Blanc";3;;;;;;;;;;
12;;;1;;;;;;;;;;;;;;
12;;;2;;;;;;;;;;;;;;
12;;;3;"S. Francisci Xavier, presbyteri";"Mémoire obligatoire";"Blanc";10;;;;;;;;;;
12;;;4;"S. Ioannis Damasceni, presbyteri et Ecclesiae doctoris";"Mémoire facultative";;;;;;;;;;;;
12;;;5;;;;;;;;;;;;;;
12;;;6;"S. Nicolai, episcopi";;;;;;;;;;;;;
12;;;7;"S. Ambrosii, episcopi et Ecclesiae doctoris";"Mémoire obligatoire";"Blanc";10;;;;;;;;;;
12;;;8;"IN CONCEPTIONE IMMACULATA BEATAE MARIAE VIRGINIS";"Solennité";"Blanc";3;;;;;;;;;;
12;;;9;;;;;;;;;;;;;;
12;;;10;;;;;;;;;;;;;;
12;;;11;"S. Damasi I, papae";"Mémoire facultative";;;;;;;;;;;;
12;;;12;;;;;;;;;;;;;;
12;;;13;"S. Luciae, virginis et martyris";"Mémoire obligatoire";"Rouge";10;;;;;;;;;;
12;;;14;"S. Ioannis a Cruce, presbyteri et Ecclesiae doctoris";"Mémoire obligatoire";"Blanc";10;;;;;;;;;;
12;;;15;;;;;;;;;;;;;;
12;;;16;;;;;;;;;;;;;;
12;;;17;;;;;;;;;;;;;;
12;;;18;;;;;;;;;;;;;;
12;;;19;;;;;;;;;;;;;;
12;;;20;;;;;;;;;;;;;;
12;;;21;"S. Petri Canisii, presbyteri et Ecclesiae doctoris";"Mémoire facultative";;;;;;;;;;;;
12;;;22;;;;;;;;;;;;;;
12;;;23;"S. Ioannis de Kety, presbyteri";"Mémoire facultative";;;;;;;;;;;;
12;;;24;;;;;;;;;;;;;;
12;;;25;"IN NATIVITATE DOMINI";"Solennité";"Blanc";2;;;;;;;;;;
12;;;26;"S. Stephani, protomartyris";"Fête";"Rouge";7;;;;;;;;;;
12;;;27;"S. Ioannis, apostoli et evangelistae";"Fête";"Blanc";7;;;;;;;;;;
12;;;28;"Ss. Innocentium, martyrum";"Fête";"Rouge";7;;;;;;;;;;
12;;;29;"S. Thomae Becket, episcopi et martyris";"Mémoire facultative";;;;;;;;;;;;
12;;;30;;;;;;;;;;;;;;
12;;;31;"S. Silvestri I, papae";"Mémoire facultative";;;;;;;;;;;;
;;;;"SANCTAE FAMILIAE IESU, MARIAE ET IOSEPH";"Fête";"Blanc";7;;;;;;;;;;
